
INSERT INTO PROFESSOR(CPF_PROFESSOR,NOME_PROFESSOR,TELEFONE_PROFESSOR) VALUES  
('061.966.257-49','JOAO DA SILVA','4499123-3201'),
('062.111.257-43','KARLA PEREIRA','3599123-3202'),
('063.200.004-43','JOSÉ FERREIRA','429888-2201'),
('064.255.900-43','ROMUALDO LIMA','2198123-0087'),
('065.358.100-43','PAULO DE OLIVEIRA','479820-1001'),
('066.148.237-12','SOLANGE LIMA','4499123-0006'),
('067.956.997-43','HENRIQUE CASTRO','4499856-3984'),
('068.151.257-43','DANIELLA MARCONDES','4599133-3200'),
('089.157.257-93','SILVIA SOUTO','4499923-0201'),
('028.358.357-43','ADRIANNA GONÇALVES','4399124-2401'),
('080.111.257-40','MARINNA LUIZA ','449998-3601'),
('081.200.004-41','CARLOS VIEIRA TRENTO','44996214785'),
('082.111.257-42','ROMULO SILVANO','4335218574'),
('083.111.257-43','FLAVIO VOLPATO','4533784124'),
('084.111.257-44','MARCOS PAULO','4285469587'),
('085.111.257-45','ANDREA COELHO','3196587412'),
('086.111.257-46','FLORISVALDO SANTANA','4791124578'),
('087.111.257-47','LAVINIA SOUZA','7895487521'),
('088.111.257-48','RENNAN FRANCO','4332324178'),
('089.111.257-49','VALDECIR LIMA CAETANO','4899993210'),
('999.111.257-49','roney LIMA CAETANO','4899003210');


INSERT INTO CONTRATADO(CPF_PROFESSOR_CONTRATADO,SALARIO_MENSAL,CARGA_HORARIA_MENSAL,AULAS_DADAS_ATE_AGORA) VALUES  

 ('061.966.257-49',2.000,40.5,150),
 ('062.111.257-43',2.000,40.5,150),
 ('063.200.004-43',2.000,40.5,150),
 ('064.255.900-43',2.000,40.5,150),
 ('065.358.100-43',2.000,40.5,150),
 ('066.148.237-12',2.000,40.5,150),
 ('067.956.997-43',2.000,40.5,150),
 ('068.151.257-43',2.000,40.5,150),
 ('089.157.257-93',2.000,40.5,150),
 ('028.358.357-43',2.000,40.5,150),
 ('080.111.257-40',2.000,40.5,150);

INSERT INTO SUBSTITUTO(CPF_PROFESSOR_SUBSTITUTO,QTDE_AULAS_DADAS,CARGA_HORARIA_DIARIA,SALARIO_DIARIA) VALUES 
('081.200.004-41',20,6.30,100),
('082.111.257-42',20,6.30,100),
('083.111.257-43',20,6.30,100),
('084.111.257-44',20,6.30,100),
('085.111.257-45',20,6.30,100),
('086.111.257-46',20,6.30,100),
('087.111.257-47',20,6.30,100),
('088.111.257-48',20,6.30,100),
('089.111.257-49',20,6.30,100),
('999.111.257-49',20,6.30,100);


INSERT INTO TIPO(ID,NOME,MATERIAL_EXTRA) VALUES 
(1,'CONVERSAÇÃO','LIVRO OXFORD'),
(2,'GRAMÁTICA','LIVRO CLE FRENCH '),
(3,'LISTENING','BBC 6 MINUTES'),
(4,'WRITING', 'ENGLISH WRITE AND IMPROVE SITE'),
(5,'LINKIN SOUNDS', 'LIVRO PERSON'),
(6,'COOKING CLASS','MUSICA COM LETRA'),
(7,'DINÂMICA EM GRUPO','MATERIAL DO PROFESSOR'),
(8,'COMPREENSÃO','TED TALK'),
(9,'PHRASAL VERBS','E-BOOK'),
(10,'GIRIAS','FILME COM TEXTOS'); 
INSERT INTO CURSOS(ID_CURSO,NOME_CURSO,NIVEL_CURSO,LIVRO_CURSO) VALUES  
(010,'INGLÊS','BASICO 1','AMERICAN ENGLISH FILE 1A'),
(011,'INGLÊS','BASICO 2','AMERICAN ENGLISH FILE 1B'),
(012,'INGLÊS','INTERMEDIÁRIO 1','AMERICAN ENGLISH FILE 2A'),
(013,'INGLÊS','INTERMEDIÁRIO 2','AMERICAN ENGLISH FILE 2B'),
(014,'INGLÊS','AVANÇADO','AMERICAN ENGLISH FILE 3A'),
(015,'ESPANHOL','BASICO',' APRENDIENDO ESPAÑOL 1'),
(016,'ESPANHOL','INTERMEDIARIO','APRIENDENDO ESPAÑOL 2'),
(017,'ESPANHOL','AVANÇADO','APRIENDENDO ESPAÑOL 3'),
(018,'FRANCÊS','BASICO','FRENCH IDIOM BOOK 1'),
(019,'FRANCÊS','INTERMEDIARIO','FRENCH IDIOM BOOK 2'),
(020,'FRANCÊS','AVANÇADO','FRENCH IDIOM BOOK 3');
INSERT INTO ENDERECOS(CIDADE,UF,NUMERO,CEP,CPF_ALUNO,LOGRADOURO) VALUES 
('CAMPO MOURAO','PR','302','81030-001','032.902.704-95','VILA SANTA FÉ'),
('RONCADOR','PR','707','81130-101','033.903.127-98','TRAVESSA FILADÉLFIA'),
('MAMBORÊ','PR','99','82130-001','034.904.119-71','VILA INDUSTRIAL'),
('MARINGÁ','PR','302','81040-201','958.905.101-34','PARQUE INDUSTRIAL'),
('SÃO PAULO','SP','1005','13486-749','036.906.111-30','RECANTO CONCEIÇÃO'),
('RIO DE JANEIRO','RJ','378','22710-005','037.907.333-36','PARQUE INDUSTRIAL II'),
('LONDRINA','PR','27','87205-001','038.908.222-66','VILA CAFEZAL'),
('FLORIANOPOLIS','SC','214','89075-101','039.909.633-71','ESTÂNCIA ÁGUAS VERDES'),
('CAMPO MOURAO','PR','999','81030-080','040.910.855-23','VILA RURAL II'),
('CAMPO MOURAO','PR','682','81020-001','041.911.947-01','VILA GUARUJA'),
('FLORIANOPOLIS','SC','214','89075-101','042.912.205-27','ESTÂNCIA ÁGUAS VERDES'),
('FLORIANOPOLIS','SC','2114','89076-101','022.902.704-95','ESTÂNCIA ÁGUAS VERDES'),
('FLORIANOPOLIS','SC','3324','89077-101','023.903.127-98','ESTÂNCIA ÁGUAS VERDES'),
('LONDRINA','PR','34','89078-101','024.904.119-71','ESTÂNCIA ÁGUAS VERDES'),
('LONDRINA','PR','344','89079-101','035.905.101-34','ESTÂNCIA ÁGUAS AZUIS'),
('LONDRINA','PR','3464','89081-101','026.906.111-30','ESTÂNCIA ÁGUAS AZUIS'),
('LONDRINA','PR','1978','89082-101','027.907.333-36','ESTÂNCIA ÁGUAS AZUIS'),
('CASCAVEL','PR','1118','89083-101','028.908.222-66','ESTÂNCIA ÁGUAS AZUIS'),
('CASCAVEL','PR','11','89084-101','029.909.633-71','ESTÂNCIA ÁGUAS AZUIS'),
('CASCAVEL','PR','11','89085-101','030.910.855-23','ESTÂNCIA ÁGUAS AZUIS'),
('CASCAVEL','PR','13','89086-101','031.911.947-01','ESTÂNCIA ÁGUAS AZUIS');
INSERT INTO ALUNOS (CPF_ALUNO,NOME_ALUNO,RESPONSAVEL_ALUNO,TELEFONE_ALUNO) VALUES
 ('032.902.704-95','PEDRO SOUZA NEVES','JULIANA NEVES','4599852-3310'),
 ('033.903.127-98','SABRINA LIMA','JOÃO CARLOS LIMA','4899752-3110'),
 ('034.904.119-71','ROMULO PEREIRA','HELBERT PEREIRA','6199852-3310'),
 ('958.905.101-34','JOÃO CARLOS NASCIMENTO','JOANA NASCIMENTO','4599152-3000'),
 ('036.906.111-30','EMILLY KAYFER','RENATO KAYFER','4599852-3310'),
 ('037.907.333-36','MATHEUS KLOSTTER','CELIANE KLOSTER BATISTA','4799152-3310'),
 ('038.908.222-66','GABRIEL OLIVEIRA ANJOS','GABRIEIL OLIVEIRA ANJOS','5199879-3310'),
 ('039.909.633-71','PAULO HENRIQUE SORIANE','CESAR FILHO ','4499852-3310'),
 ('040.910.855-23','MARCUS PATRICK SILVA','SOLANGE SILVA','4399852-3310'),
 ('041.911.947-01','ADRIANA MENDES','GILBERTO PEDRO MENDES','4299852-3310'),
  ('042.912.205-27','VANEILLA RAUBER','RENAN RAUBER ','4599995-3790'),
 ('022.902.704-95','CÉZAR BONETE','CLAUDIO BONETE','4199714-3300'),
 ('023.903.127-98','CARLOS RICARDO','CLAUDIO SILVEIRA NETO','4199794-3300'),
 ('024.904.119-71','RICARDO BRITTO','JOSE BRITTO','4197794-3300'),
 ('035.905.101-34','LOURIVAL PEIXOTO','JOSE PEIXOTO','4999794-3300'),
 ('026.906.111-30','ANA PAVANELLI','CLEUZA PAVANELLI','4999734-3300'),
 ('027.907.333-36','ANA FONSECA','CLAUDIA RENATA ','5699934-3300'),
 ('028.908.222-66','ALLAN GOMES','CLAUDIA CRISTINA GOMES ','5799934-3300'),
 ('029.909.633-71','ALLANA REGINA','CLAUDIA TELLES ','3299934-3300'),
 ('030.910.855-23','CAIKE SOUZA','MARCO AURELIO SOUZA ','3699934-3390'),
 ('031.911.947-01','CAIO VENTURELLI','RUTH VENTURELLI ','4496934-3390');
INSERT INTO FIXOS(CPF_FIXO,VALOR_FIXO_MENSAL) VALUES
('032.902.704-95',200.52),
 ('033.903.127-98',200.52),
 ('034.904.119-71',200.52),
 ('958.905.101-34',200.52),
 ('036.906.111-30',200.52),
 ('037.907.333-36',200.52), 
 ('038.908.222-66',200.52),
 ('039.909.633-71',200.52),
 ('040.910.855-23',200.52), 
 ('041.911.947-01',200.52),
 ('042.912.205-27',200.52);
INSERT INTO ESPORADICO(CPF_ESPORADICO) VALUES 
('022.902.704-95'),
('023.903.127-98'),
('024.904.119-71'),
('035.905.101-34'),
('026.906.111-30'),
('027.907.333-36'),
('028.908.222-66'),
('029.909.633-71'),
('030.910.855-23'),
('031.911.947-01');

 INSERT INTO INSCRICAO(COD_INSCRICAO,PRECO_MATRICULA,DATA_INICIO_SEMESTRE,DATA_FINAL_SEMESTRE,CPF_ALUNO_FIXO,ID_CURSO) VALUES 
(0200,100.00,'2020-02-02','2020-06-18','032.902.704-95',010),
 (0201,100.00,'2020-02-02','2020-06-18','033.903.127-98',011),
 (0202,100.00,'2020-02-02','2020-06-18','034.904.119-71',012),
 (0204,100.00,'2020-02-02','2020-06-18','036.906.111-30',014), 
 (0205,100.00,'2020-02-02','2020-06-18','037.907.333-36',015),
 (0206,100.00,'2020-02-02','2020-06-18','038.908.222-66',016),
 (0207,100.00,'2020-02-02','2020-06-18','039.909.633-71',017),
 (0208,100.00,'2020-02-02','2020-06-18','040.910.855-23',018),
 (0209,100.00,'2020-02-02','2020-06-18','041.911.947-01',019),
 (0210,100.00,'2020-02-02','2020-06-18','042.912.205-27',020);
INSERT INTO TURMAS(CODIGO_TURMA,HORARIO_TURMA,NUMERO_SALA,ID_CURSO,CPF_PROFESSOR) VALUES 


(00,'09:00',30,010,'061.966.257-49'),
(01,'09:00',31,011,'062.111.257-43'),
(02,'10:00',32,012,'063.200.004-43'),
(03,'11:00',33,013,'064.255.900-43'),
(04,'13:00',34,014,'065.358.100-43'),
(05,'15:00',35,015,'066.148.237-12'),
(06,'20:00',36,016,'067.956.997-43'),
(07,'19:00',37,017,'068.151.257-43'),
(08,'14:00',38,018,'089.157.257-93'),
(09,'08:00',39,019,'028.358.357-43'),
(010,'07:30',40,020,'080.111.257-40');
INSERT INTO AULA_AVULSA(ID,NUMERO_SALA,HORARIO,PRECO,CPF_PROFESSOR) VALUES
(30,11,'15:30',50.00,'061.966.257-49'),
(31,12,'16:30',50.00,'062.111.257-43'),
(32,13,'17:30',50.00,'063.200.004-43'),
(33,14,'18:30',50.00,'064.255.900-43'),
(34,15,'19:30',50.00,'065.358.100-43'),
(35,16,'20:30',50.00,'066.148.237-12'),
(36,17,'21:30',50.00,'067.956.997-43'),
(37,18,'22:30',50.00,'068.151.257-43'),
(38,19,'10:30',50.00,'089.157.257-93'),
(39,20,'11:30',50.00,'028.358.357-43');
INSERT INTO ESPORADICO_FAZ_AULA_AVULSA(CPF,ID) VALUES 
('022.902.704-95',30),
('023.903.127-98',31),
('024.904.119-71',32),
('035.905.101-34',33),
('026.906.111-30',34),
('027.907.333-36',35),
('028.908.222-66',36),
('029.909.633-71',37),
('030.910.855-23',38),
('031.911.947-01',39);
INSERT INTO AULA_AVULSA_TEM_TIPO(ID_AULA_AVULSA,ID_TIPO) VALUES
 (30,1),
 (31,2),
 (32,3),
 (33,4),
 (34,5),
 (35,6),
 (36,7),
 (37,8),
 (38,9),
 (39,10);







